Lagoon 410S,France Sud-Ouest Bassin d’Arcachon,235000
Lagoon 400 S2 - Eignerschiff,United States Fort Lauderdale,336000
Lagoon 46,Spain Costa Barcelona Torredembarra,800000
Lagoon 410,"Panama Shelterbay Marina, Panama, Eastside",198000
Lagoon 42,Croatia Split-Dalmatia Trogir,399900
Lagoon 630 Motor Yacht Dragò,Italy Sicilia,2000000
BAVARIA 38 Lagoon,Croatia Zadar Veli Rat / Dugi Otok,37450
Lagoon 46 2020 owners version,Spain Ibiza y Formentera San Antoni,725000
Lagoon 450,Croatia Zadar,400000
Lagoon 450F,Spain Costa Barcelona,590000
Lagoon 52,Italy Veneto Venezia,945000
Lagoon 380 S2 Owners Vers.,Martinique Le Marin,205000
Lagoon 46,Grenada,835400
Lagoon 450F,Spain Costa Barcelona,539000
Lagoon 450 F Owner Version,Greece Leros,550000
Lagoon 40,Spain Rapita - Menorca,525000
Lagoon 42,Cyprus Limassol,649000
Lagoon NOHMA - Lagoon 46,United States,742000
Lagoon 450 F,Italy Sardegna,550000
Lagoon 42,Croatia Sibenik,399000
Lagoon 39,Croatia Sibenik-Knin Betina,283000
Lagoon 42,Croatia onbekend,495000
Lagoon 39,Croatia onbekend,290000
